"marches.cnes.fr","https://marches.cnes.fr"
"marchespublics.paysdelaloire.fr","https://marchespublics.paysdelaloire.fr"
"marchespublics596280.fr","https://marchespublics596280.fr"
"marchespublics.grandest.fr","https://marchespublics.grandest.fr"
"marches.departement13.fr","https://marches.departement13.fr"
"marchespublics.lenord.fr","https://marchespublics.lenord.fr"
"alsacemarchespublics.eu","https://alsacemarchespublics.eu"
"mpe-marseille.local-trust.com","https://mpe-marseille.local-trust.com"
"demat-ampa.fr","https://demat-ampa.fr"
"achats-consultations.banque-france.fr","https://achats-consultations.banque-france.fr"
"www.eadministration64.fr","https://www.eadministration64.fr"
"marches.montpellier3m.fr","https://marches.montpellier3m.fr"
"plateforme.achat-hopital.com","https://plateforme.achat-hopital.com"
"marchespublics.landespublic.org","https://marchespublics.landespublic.org"
"aof-formpro.normandie.fr","https://aof-formpro.normandie.fr"
"marchespublics.ain.fr","https://marchespublics.ain.fr"
"www.eguadeloupe.com","https://www.eguadeloupe.com"
"marches.mrs.aero","https://marches.mrs.aero"
"achats.regioncentre.fr","https://achats.regioncentre.fr"
"portail.marchespublics.nc","https://portail.marchespublics.nc"
"marchespublics.gard.fr","https://marchespublics.gard.fr"
"marchespublics596280.fr","http://marchespublics596280.fr"
"Grand Est","http://marchespublics.grandest.fr"
"Bouches-du-Rhône","http://marches.departement13.fr"
"Département du Nord","http://marchespublics.lenord.fr"
"Alsace","http://alsacemarchespublics.eu"
"Ville de Marseille","http://mpe-marseille.local-trust.com"
"ADM 76","https://marchespublics.adm76.com"
"Adullact","https://webmarche.adullact.org"
"ANFH","https://plateforme-achats.anfh.fr"
"CAS Marseille","https://cas-marseille.local-trust.com"
"CDL","https://mpe-cdl-prod.local-trust.com"
"CINOR","https://marches.cinor.fr"
"CNFPT","https://www.marchespublics.cnfpt.fr"
"CPRDLL","https://aof-crpdll-prod.local-trust.com"
"France Televisions","https://www.appel-offres.francetelevisions.fr"
"GAMA","https://mpe-gama-prod.local-trust.com"
"Gestion des appels d'offres de formation professionnelle de Haute-Normandie","https://aof-formpro.hautenormandie.fr"
"Grand Angouleme","https://marchespublics.grandangouleme.fr"
"Grand Nancy","https://marchespublics.grand-nancy.org"
"Habitat Toulouse","https://marches-habitatoulouse.local-trust.com"
"Intermed","https://marchespublics.intermed-portail.net"
"Plateforme du département des Vosges","https://marches.smic-vosges.fr"
"Partenord","https://marches-partenord.local-trust.com"
"Plateforme de formation de la région Occitanie","https://marchesformation.laregion.fr"
"Plateforme de la métropole Aix-Marseille-Provence","https://marchespublics.ampmetropole.fr"
"Plateforme de la métropole de Nantes","https://marchespublics.nantesmetropole.fr"
"Plateforme de la métropole Grand Reims","https://marches.grandreims.fr"
"Plateforme de la région Auvergne-Rhône-Alpes","https://marchespublics.auvergnerhonealpes.eu"
"Plateforme de la région Occitanie","https://marchespublics.laregion.fr"
"Plateforme de la Région Réunion","https://marches-publics.regionreunion.com"
"Plateforme de la ville de St-Pierre","http://ville-saintpierre.local-trust.com"
"Plateforme du département de l'Ain","http://marchespublics.ain.fr"
"Plateforme du département de l'Eure","https://marchespublics.eure.fr"
"Plateforme du département de la Manche","https://marches-publics-manche.fr"
"Plateforme du département de la Moselle","https://marches57.local-trust.com"
"Plateforme du département de la Meuse","https://profilacheteur.meuse.fr"
"Plateforme du département de la Vienne","https://marches.departement86.fr"
"Plateforme du département de Loire Atlantique","https://marches.loire-atlantique.fr"
"Plateforme Ordiges","https://www.webmarche.eu"
"Plateforme RVVN","https://marches.rvvn.org"
"Plateforme du département des Bouches-du-Rhône","https://marches.local-trust.com"
"Porte du Hainaut","https://marchespublics.agglo-porteduhainaut.fr"
"Recia","https://webmarche.solaere.recia.fr"
"Sydne","https://marchespublics.sydne.fr"
"TCO","https://mp.tco.re"
"Vendée Habitat","https://marches-vendeehabitat.local-trust.com"
